		sol$fluxes	cpd00007[c0]	cpd00007[e0]
		met_name	O2[c0]	O2[e0]
rxn00056_c0	Fe(II):oxygen oxidoreductase	1.38802064620065e-05	-1	0
rxn02303_c0	Coproporphyrinogen:oxygen oxidoreductase(decarboxylating)	3.37527701226805e-05	-1	0
rxn05468_c0	TRANS-RXNAVI-26568.ce	0.0723545925707994	1	-1
EX_cpd00007_e0	Exchange of O2	-0.0723545925707994	0	-1
rxn10043_c0	cytochrome-c oxidase (H+/e- = 2)	0.14461391918843	-0.5	0
